mutation_id,title,rc,mutation_target,mutation_operator,operator_work_units,operator_success_oracle,discrepancy_type,preconditions,chain_role,impact_primary,impact_secondary,primary_controls,evidence_refs,detection_signals,test_recipe,confidence,status
RC2.URL.CANONICALIZATION_BYPASS.ATO.001,url_confusion -> jwt via parser,RC2,URL,CANONICALIZATION_BYPASS,TRANSFORM|INJECT|OBSERVE|VALIDATE,Operator effect observed through parser differential from url_confusion to jwt,PARSER_DIFFERENTIAL,MULTI_PARSER_PIPELINE|AMBIGUOUS_INPUT_ACCEPTED,ENTRY,ATO,,SINGLE_AUTHORITATIVE_PARSER|REJECT_AMBIGUOUS_INPUT,the-map/artifact-examples/cross-mutation-graph.html,Cross-mutation transition observed: url_confusion->jwt,Replay edge pattern 'parser' from source 'url_confusion' to destination 'jwt',MEDIUM,DRAFT
RC2.URL.CANONICALIZATION_BYPASS.SSRF_INTERNAL_ACCESS.001,url_confusion -> ssrf via parser,RC2,URL,CANONICALIZATION_BYPASS,TRANSFORM|INJECT|OBSERVE|VALIDATE,Operator effect observed through parser differential from url_confusion to ssrf,PARSER_DIFFERENTIAL,MULTI_PARSER_PIPELINE|AMBIGUOUS_INPUT_ACCEPTED,SINK,SSRF_INTERNAL_ACCESS,,SINGLE_AUTHORITATIVE_PARSER|REJECT_AMBIGUOUS_INPUT,the-map/artifact-examples/cross-mutation-graph.html,Cross-mutation transition observed: url_confusion->ssrf,Replay edge pattern 'parser' from source 'url_confusion' to destination 'ssrf',MEDIUM,DRAFT
RC2.URL.ENCODING_SHIFT.DATA_EXFILTRATION.001,url_confusion -> cors via encoding,RC2,URL,ENCODING_SHIFT,GENERATE|TRANSFORM|INJECT|OBSERVE,Operator effect observed through encoding differential from url_confusion to cors,CANONICALIZATION_GAP,WEAK_OR_MISSING_NORMALIZATION,ENTRY,DATA_EXFILTRATION,,STRICT_CANONICALIZATION_AT_ENTRY,the-map/artifact-examples/cross-mutation-graph.html,Cross-mutation transition observed: url_confusion->cors,Replay edge pattern 'encoding' from source 'url_confusion' to destination 'cors',MEDIUM,DRAFT
RC2.PAYLOAD_BODY.ENCODING_SHIFT.ATO.001,unicode -> saml via encoding,RC2,PAYLOAD_BODY,ENCODING_SHIFT,GENERATE|TRANSFORM|INJECT|OBSERVE,Operator effect observed through encoding differential from unicode to saml,CANONICALIZATION_GAP,WEAK_OR_MISSING_NORMALIZATION,ENTRY,ATO,,STRICT_CANONICALIZATION_AT_ENTRY,the-map/artifact-examples/cross-mutation-graph.html,Cross-mutation transition observed: unicode->saml,Replay edge pattern 'encoding' from source 'unicode' to destination 'saml',MEDIUM,DRAFT
RC2.PAYLOAD_BODY.ENCODING_SHIFT.DATA_EXFILTRATION.001,unicode -> cors via encoding,RC2,PAYLOAD_BODY,ENCODING_SHIFT,GENERATE|TRANSFORM|INJECT|OBSERVE,Operator effect observed through encoding differential from unicode to cors,CANONICALIZATION_GAP,WEAK_OR_MISSING_NORMALIZATION,ENTRY,DATA_EXFILTRATION,,STRICT_CANONICALIZATION_AT_ENTRY,the-map/artifact-examples/cross-mutation-graph.html,Cross-mutation transition observed: unicode->cors,Replay edge pattern 'encoding' from source 'unicode' to destination 'cors',MEDIUM,DRAFT
RC2.PAYLOAD_BODY.ENCODING_SHIFT.RCE.001,unicode -> cmd_injection via encoding,RC2,PAYLOAD_BODY,ENCODING_SHIFT,GENERATE|TRANSFORM|INJECT|OBSERVE,Operator effect observed through encoding differential from unicode to cmd_injection,CANONICALIZATION_GAP,WEAK_OR_MISSING_NORMALIZATION,SINK,RCE,,STRICT_CANONICALIZATION_AT_ENTRY,the-map/artifact-examples/cross-mutation-graph.html,Cross-mutation transition observed: unicode->cmd_injection,Replay edge pattern 'encoding' from source 'unicode' to destination 'cmd_injection',MEDIUM,DRAFT
RC2.PAYLOAD_BODY.ENCODING_SHIFT.SSRF_INTERNAL_ACCESS.001,unicode -> ssrf via encoding,RC2,PAYLOAD_BODY,ENCODING_SHIFT,GENERATE|TRANSFORM|INJECT|OBSERVE,Operator effect observed through encoding differential from unicode to ssrf,CANONICALIZATION_GAP,WEAK_OR_MISSING_NORMALIZATION,SINK,SSRF_INTERNAL_ACCESS,,STRICT_CANONICALIZATION_AT_ENTRY,the-map/artifact-examples/cross-mutation-graph.html,Cross-mutation transition observed: unicode->ssrf,Replay edge pattern 'encoding' from source 'unicode' to destination 'ssrf',MEDIUM,DRAFT
RC2.PAYLOAD_BODY.ENCODING_SHIFT.RECON_ENABLEMENT.001,unicode -> waf_bypass via encoding,RC2,PAYLOAD_BODY,ENCODING_SHIFT,GENERATE|TRANSFORM|INJECT|OBSERVE,Operator effect observed through encoding differential from unicode to waf_bypass,CANONICALIZATION_GAP,WEAK_OR_MISSING_NORMALIZATION,ENTRY,RECON_ENABLEMENT,,STRICT_CANONICALIZATION_AT_ENTRY,the-map/artifact-examples/cross-mutation-graph.html,Cross-mutation transition observed: unicode->waf_bypass,Replay edge pattern 'encoding' from source 'unicode' to destination 'waf_bypass',MEDIUM,DRAFT
RC2.PARAMETER.CANONICALIZATION_BYPASS.ATO.001,type_confusion -> jwt via parser,RC2,PARAMETER,CANONICALIZATION_BYPASS,TRANSFORM|INJECT|OBSERVE|VALIDATE,Operator effect observed through parser differential from type_confusion to jwt,PARSER_DIFFERENTIAL,MULTI_PARSER_PIPELINE|AMBIGUOUS_INPUT_ACCEPTED,ENTRY,ATO,,SINGLE_AUTHORITATIVE_PARSER|REJECT_AMBIGUOUS_INPUT,the-map/artifact-examples/cross-mutation-graph.html,Cross-mutation transition observed: type_confusion->jwt,Replay edge pattern 'parser' from source 'type_confusion' to destination 'jwt',MEDIUM,DRAFT
RC2.PARAMETER.CANONICALIZATION_BYPASS.DATA_EXFILTRATION.001,type_confusion -> xxe via parser,RC2,PARAMETER,CANONICALIZATION_BYPASS,TRANSFORM|INJECT|OBSERVE|VALIDATE,Operator effect observed through parser differential from type_confusion to xxe,PARSER_DIFFERENTIAL,MULTI_PARSER_PIPELINE|AMBIGUOUS_INPUT_ACCEPTED,ENTRY,DATA_EXFILTRATION,,SINGLE_AUTHORITATIVE_PARSER|REJECT_AMBIGUOUS_INPUT,the-map/artifact-examples/cross-mutation-graph.html,Cross-mutation transition observed: type_confusion->xxe,Replay edge pattern 'parser' from source 'type_confusion' to destination 'xxe',MEDIUM,DRAFT
RC2.SERIALIZED_OBJECT.CANONICALIZATION_BYPASS.DATA_EXFILTRATION.001,zip_archive -> xxe via parser,RC2,SERIALIZED_OBJECT,CANONICALIZATION_BYPASS,TRANSFORM|INJECT|OBSERVE|VALIDATE,Operator effect observed through parser differential from zip_archive to xxe,PARSER_DIFFERENTIAL,MULTI_PARSER_PIPELINE|AMBIGUOUS_INPUT_ACCEPTED,ENTRY,DATA_EXFILTRATION,,SINGLE_AUTHORITATIVE_PARSER|REJECT_AMBIGUOUS_INPUT,the-map/artifact-examples/cross-mutation-graph.html,Cross-mutation transition observed: zip_archive->xxe,Replay edge pattern 'parser' from source 'zip_archive' to destination 'xxe',MEDIUM,DRAFT
RC2.SERIALIZED_OBJECT.CANONICALIZATION_BYPASS.RCE.001,zip_archive -> file_upload via parser,RC2,SERIALIZED_OBJECT,CANONICALIZATION_BYPASS,TRANSFORM|INJECT|OBSERVE|VALIDATE,Operator effect observed through parser differential from zip_archive to file_upload,PARSER_DIFFERENTIAL,MULTI_PARSER_PIPELINE|AMBIGUOUS_INPUT_ACCEPTED,ENTRY,RCE,,SINGLE_AUTHORITATIVE_PARSER|REJECT_AMBIGUOUS_INPUT,the-map/artifact-examples/cross-mutation-graph.html,Cross-mutation transition observed: zip_archive->file_upload,Replay edge pattern 'parser' from source 'zip_archive' to destination 'file_upload',MEDIUM,DRAFT
RC1.PAYLOAD_BODY.CONTEXT_SWITCH.PRIVILEGE_ESCALATION.001,xss -> csrf via escalation,RC1,PAYLOAD_BODY,CONTEXT_SWITCH,TRANSFORM|INJECT|OBSERVE|VALIDATE,Operator effect observed through escalation differential from xss to csrf,VALIDATION_GAP,MISSING_STRICT_AUTH_VALIDATION,PIVOT,PRIVILEGE_ESCALATION,,DATA_LAYER_AUTHZ_ENFORCEMENT,the-map/artifact-examples/cross-mutation-graph.html,Cross-mutation transition observed: xss->csrf,Replay edge pattern 'escalation' from source 'xss' to destination 'csrf',MEDIUM,DRAFT
RC1.PAYLOAD_BODY.CONTEXT_SWITCH.ATO.001,xss -> oauth via escalation,RC1,PAYLOAD_BODY,CONTEXT_SWITCH,TRANSFORM|INJECT|OBSERVE|VALIDATE,Operator effect observed through escalation differential from xss to oauth,VALIDATION_GAP,MISSING_STRICT_AUTH_VALIDATION,PIVOT,ATO,,DATA_LAYER_AUTHZ_ENFORCEMENT,the-map/artifact-examples/cross-mutation-graph.html,Cross-mutation transition observed: xss->oauth,Replay edge pattern 'escalation' from source 'xss' to destination 'oauth',MEDIUM,DRAFT
RC1.PAYLOAD_BODY.CONTEXT_SWITCH.ATO.003,xss -> account_takeover via escalation,RC1,PAYLOAD_BODY,CONTEXT_SWITCH,TRANSFORM|INJECT|OBSERVE|VALIDATE,Operator effect observed through escalation differential from xss to account_takeover,VALIDATION_GAP,MISSING_STRICT_AUTH_VALIDATION,SINK,ATO,,DATA_LAYER_AUTHZ_ENFORCEMENT,the-map/artifact-examples/cross-mutation-graph.html,Cross-mutation transition observed: xss->account_takeover,Replay edge pattern 'escalation' from source 'xss' to destination 'account_takeover',MEDIUM,DRAFT
RC1.PAYLOAD_BODY.CONTEXT_SWITCH.SESSION_HIJACK.001,xss -> cookie via escalation,RC1,PAYLOAD_BODY,CONTEXT_SWITCH,TRANSFORM|INJECT|OBSERVE|VALIDATE,Operator effect observed through escalation differential from xss to cookie,VALIDATION_GAP,MISSING_STRICT_AUTH_VALIDATION,PIVOT,SESSION_HIJACK,,DATA_LAYER_AUTHZ_ENFORCEMENT,the-map/artifact-examples/cross-mutation-graph.html,Cross-mutation transition observed: xss->cookie,Replay edge pattern 'escalation' from source 'xss' to destination 'cookie',MEDIUM,DRAFT
RC1.PAYLOAD_BODY.HEADER_POLLUTION.DATA_EXFILTRATION.001,xss -> cache_poisoning via cache,RC1,PAYLOAD_BODY,HEADER_POLLUTION,GENERATE|INJECT|REORDER|OBSERVE,Operator effect observed through cache differential from xss to cache_poisoning,CANONICALIZATION_GAP,MULTI_PARSER_PIPELINE,PIVOT,DATA_EXFILTRATION,,STRICT_CANONICALIZATION_AT_ENTRY|REJECT_AMBIGUOUS_INPUT,the-map/artifact-examples/cross-mutation-graph.html,Cross-mutation transition observed: xss->cache_poisoning,Replay edge pattern 'cache' from source 'xss' to destination 'cache_poisoning',MEDIUM,DRAFT
RC1.PAYLOAD_BODY.ENCODING_SHIFT.RECON_ENABLEMENT.001,xss -> waf_bypass via encoding,RC1,PAYLOAD_BODY,ENCODING_SHIFT,GENERATE|TRANSFORM|INJECT|OBSERVE,Operator effect observed through encoding differential from xss to waf_bypass,CANONICALIZATION_GAP,WEAK_OR_MISSING_NORMALIZATION,PIVOT,RECON_ENABLEMENT,,STRICT_CANONICALIZATION_AT_ENTRY,the-map/artifact-examples/cross-mutation-graph.html,Cross-mutation transition observed: xss->waf_bypass,Replay edge pattern 'encoding' from source 'xss' to destination 'waf_bypass',MEDIUM,DRAFT
RC1.PAYLOAD_BODY.CONTEXT_SWITCH.RCE.001,ssti -> cmd_injection via escalation,RC1,PAYLOAD_BODY,CONTEXT_SWITCH,TRANSFORM|INJECT|OBSERVE|VALIDATE,Operator effect observed through escalation differential from ssti to cmd_injection,VALIDATION_GAP,MISSING_STRICT_AUTH_VALIDATION,SINK,RCE,,DATA_LAYER_AUTHZ_ENFORCEMENT,the-map/artifact-examples/cross-mutation-graph.html,Cross-mutation transition observed: ssti->cmd_injection,Replay edge pattern 'escalation' from source 'ssti' to destination 'cmd_injection',MEDIUM,DRAFT
RC1.PAYLOAD_BODY.CONTEXT_SWITCH.DATA_EXFILTRATION.001,ssti -> path_traversal via escalation,RC1,PAYLOAD_BODY,CONTEXT_SWITCH,TRANSFORM|INJECT|OBSERVE|VALIDATE,Operator effect observed through escalation differential from ssti to path_traversal,VALIDATION_GAP,MISSING_STRICT_AUTH_VALIDATION,PIVOT,DATA_EXFILTRATION,,DATA_LAYER_AUTHZ_ENFORCEMENT,the-map/artifact-examples/cross-mutation-graph.html,Cross-mutation transition observed: ssti->path_traversal,Replay edge pattern 'escalation' from source 'ssti' to destination 'path_traversal',MEDIUM,DRAFT
RC1.PARAMETER.CONTEXT_SWITCH.DATA_EXFILTRATION.001,proto_pollution -> xss via escalation,RC1,PARAMETER,CONTEXT_SWITCH,TRANSFORM|INJECT|OBSERVE|VALIDATE,Operator effect observed through escalation differential from proto_pollution to xss,VALIDATION_GAP,MISSING_STRICT_AUTH_VALIDATION,PIVOT,DATA_EXFILTRATION,,DATA_LAYER_AUTHZ_ENFORCEMENT,the-map/artifact-examples/cross-mutation-graph.html,Cross-mutation transition observed: proto_pollution->xss,Replay edge pattern 'escalation' from source 'proto_pollution' to destination 'xss',MEDIUM,DRAFT
RC1.PARAMETER.CONTEXT_SWITCH.RCE.001,proto_pollution -> ssti via escalation,RC1,PARAMETER,CONTEXT_SWITCH,TRANSFORM|INJECT|OBSERVE|VALIDATE,Operator effect observed through escalation differential from proto_pollution to ssti,VALIDATION_GAP,MISSING_STRICT_AUTH_VALIDATION,PIVOT,RCE,,DATA_LAYER_AUTHZ_ENFORCEMENT,the-map/artifact-examples/cross-mutation-graph.html,Cross-mutation transition observed: proto_pollution->ssti,Replay edge pattern 'escalation' from source 'proto_pollution' to destination 'ssti',MEDIUM,DRAFT
RC1.PARAMETER.CONTEXT_SWITCH.RCE.002,proto_pollution -> cmd_injection via escalation,RC1,PARAMETER,CONTEXT_SWITCH,TRANSFORM|INJECT|OBSERVE|VALIDATE,Operator effect observed through escalation differential from proto_pollution to cmd_injection,VALIDATION_GAP,MISSING_STRICT_AUTH_VALIDATION,SINK,RCE,,DATA_LAYER_AUTHZ_ENFORCEMENT,the-map/artifact-examples/cross-mutation-graph.html,Cross-mutation transition observed: proto_pollution->cmd_injection,Replay edge pattern 'escalation' from source 'proto_pollution' to destination 'cmd_injection',MEDIUM,DRAFT
RC1.PARAMETER.ORDER_MANIPULATION.ATO.001,proto_pollution -> jwt via trust,RC1,PARAMETER,ORDER_MANIPULATION,REORDER|INJECT|OBSERVE|VALIDATE,Operator effect observed through trust differential from proto_pollution to jwt,TRUST_BOUNDARY_BREAK,CROSS_COMPONENT_TRUST,PIVOT,ATO,,CONTROL_PLANE_HARDENING|REFERENCE_ALLOWLIST_AND_RESOLUTION_CHECK,the-map/artifact-examples/cross-mutation-graph.html,Cross-mutation transition observed: proto_pollution->jwt,Replay edge pattern 'trust' from source 'proto_pollution' to destination 'jwt',MEDIUM,DRAFT
RC1.PARAMETER.ORDER_MANIPULATION.DATA_EXFILTRATION.001,proto_pollution -> cache_poisoning via trust,RC1,PARAMETER,ORDER_MANIPULATION,REORDER|INJECT|OBSERVE|VALIDATE,Operator effect observed through trust differential from proto_pollution to cache_poisoning,TRUST_BOUNDARY_BREAK,CROSS_COMPONENT_TRUST,PIVOT,DATA_EXFILTRATION,,CONTROL_PLANE_HARDENING|REFERENCE_ALLOWLIST_AND_RESOLUTION_CHECK,the-map/artifact-examples/cross-mutation-graph.html,Cross-mutation transition observed: proto_pollution->cache_poisoning,Replay edge pattern 'trust' from source 'proto_pollution' to destination 'cache_poisoning',MEDIUM,DRAFT
RC1.PAYLOAD_BODY.CONTEXT_SWITCH.SSRF_INTERNAL_ACCESS.001,xxe -> ssrf via escalation,RC1,PAYLOAD_BODY,CONTEXT_SWITCH,TRANSFORM|INJECT|OBSERVE|VALIDATE,Operator effect observed through escalation differential from xxe to ssrf,VALIDATION_GAP,MISSING_STRICT_AUTH_VALIDATION,SINK,SSRF_INTERNAL_ACCESS,,DATA_LAYER_AUTHZ_ENFORCEMENT,the-map/artifact-examples/cross-mutation-graph.html,Cross-mutation transition observed: xxe->ssrf,Replay edge pattern 'escalation' from source 'xxe' to destination 'ssrf',MEDIUM,DRAFT
RC1.PARAMETER.CONTEXT_SWITCH.ATO.001,sqli -> account_takeover via escalation,RC1,PARAMETER,CONTEXT_SWITCH,TRANSFORM|INJECT|OBSERVE|VALIDATE,Operator effect observed through escalation differential from sqli to account_takeover,VALIDATION_GAP,MISSING_STRICT_AUTH_VALIDATION,SINK,ATO,,DATA_LAYER_AUTHZ_ENFORCEMENT,the-map/artifact-examples/cross-mutation-graph.html,Cross-mutation transition observed: sqli->account_takeover,Replay edge pattern 'escalation' from source 'sqli' to destination 'account_takeover',MEDIUM,DRAFT
RC1.PARAMETER.CONTEXT_SWITCH.PRIVILEGE_ESCALATION.001,graphql -> mass_assignment via escalation,RC1,PARAMETER,CONTEXT_SWITCH,TRANSFORM|INJECT|OBSERVE|VALIDATE,Operator effect observed through escalation differential from graphql to mass_assignment,VALIDATION_GAP,MISSING_STRICT_AUTH_VALIDATION,ENTRY,PRIVILEGE_ESCALATION,,DATA_LAYER_AUTHZ_ENFORCEMENT,the-map/artifact-examples/cross-mutation-graph.html,Cross-mutation transition observed: graphql->mass_assignment,Replay edge pattern 'escalation' from source 'graphql' to destination 'mass_assignment',MEDIUM,DRAFT
RC1.PARAMETER.CONTEXT_SWITCH.DATA_EXFILTRATION.003,graphql -> idor via escalation,RC1,PARAMETER,CONTEXT_SWITCH,TRANSFORM|INJECT|OBSERVE|VALIDATE,Operator effect observed through escalation differential from graphql to idor,VALIDATION_GAP,MISSING_STRICT_AUTH_VALIDATION,ENTRY,DATA_EXFILTRATION,,DATA_LAYER_AUTHZ_ENFORCEMENT,the-map/artifact-examples/cross-mutation-graph.html,Cross-mutation transition observed: graphql->idor,Replay edge pattern 'escalation' from source 'graphql' to destination 'idor',MEDIUM,DRAFT
RC1.PARAMETER.CONTEXT_SWITCH.SSRF_INTERNAL_ACCESS.001,graphql -> ssrf via escalation,RC1,PARAMETER,CONTEXT_SWITCH,TRANSFORM|INJECT|OBSERVE|VALIDATE,Operator effect observed through escalation differential from graphql to ssrf,VALIDATION_GAP,MISSING_STRICT_AUTH_VALIDATION,SINK,SSRF_INTERNAL_ACCESS,,DATA_LAYER_AUTHZ_ENFORCEMENT,the-map/artifact-examples/cross-mutation-graph.html,Cross-mutation transition observed: graphql->ssrf,Replay edge pattern 'escalation' from source 'graphql' to destination 'ssrf',MEDIUM,DRAFT
RC1.PAYLOAD_BODY.CONTEXT_SWITCH.DATA_EXFILTRATION.004,ssi_esi -> xss via escalation,RC1,PAYLOAD_BODY,CONTEXT_SWITCH,TRANSFORM|INJECT|OBSERVE|VALIDATE,Operator effect observed through escalation differential from ssi_esi to xss,VALIDATION_GAP,MISSING_STRICT_AUTH_VALIDATION,ENTRY,DATA_EXFILTRATION,,DATA_LAYER_AUTHZ_ENFORCEMENT,the-map/artifact-examples/cross-mutation-graph.html,Cross-mutation transition observed: ssi_esi->xss,Replay edge pattern 'escalation' from source 'ssi_esi' to destination 'xss',MEDIUM,DRAFT
RC3.TOKEN.CONTEXT_SWITCH.ATO.001,oauth -> account_takeover via escalation,RC3,TOKEN,CONTEXT_SWITCH,TRANSFORM|INJECT|OBSERVE|VALIDATE,Operator effect observed through escalation differential from oauth to account_takeover,VALIDATION_GAP,MISSING_STRICT_AUTH_VALIDATION,SINK,ATO,,DATA_LAYER_AUTHZ_ENFORCEMENT,the-map/artifact-examples/cross-mutation-graph.html,Cross-mutation transition observed: oauth->account_takeover,Replay edge pattern 'escalation' from source 'oauth' to destination 'account_takeover',MEDIUM,DRAFT
RC3.TOKEN.CONTEXT_SWITCH.SSRF_INTERNAL_ACCESS.001,oauth -> ssrf via escalation,RC3,TOKEN,CONTEXT_SWITCH,TRANSFORM|INJECT|OBSERVE|VALIDATE,Operator effect observed through escalation differential from oauth to ssrf,VALIDATION_GAP,MISSING_STRICT_AUTH_VALIDATION,SINK,SSRF_INTERNAL_ACCESS,,DATA_LAYER_AUTHZ_ENFORCEMENT,the-map/artifact-examples/cross-mutation-graph.html,Cross-mutation transition observed: oauth->ssrf,Replay edge pattern 'escalation' from source 'oauth' to destination 'ssrf',MEDIUM,DRAFT
RC3.TOKEN.CONTEXT_SWITCH.ATO.002,oauth -> open_redirect via escalation,RC3,TOKEN,CONTEXT_SWITCH,TRANSFORM|INJECT|OBSERVE|VALIDATE,Operator effect observed through escalation differential from oauth to open_redirect,VALIDATION_GAP,MISSING_STRICT_AUTH_VALIDATION,PIVOT,ATO,,DATA_LAYER_AUTHZ_ENFORCEMENT,the-map/artifact-examples/cross-mutation-graph.html,Cross-mutation transition observed: oauth->open_redirect,Replay edge pattern 'escalation' from source 'oauth' to destination 'open_redirect',MEDIUM,DRAFT
RC3.TOKEN.CONTEXT_SWITCH.DATA_EXFILTRATION.001,saml -> xxe via escalation,RC3,TOKEN,CONTEXT_SWITCH,TRANSFORM|INJECT|OBSERVE|VALIDATE,Operator effect observed through escalation differential from saml to xxe,VALIDATION_GAP,MISSING_STRICT_AUTH_VALIDATION,PIVOT,DATA_EXFILTRATION,,DATA_LAYER_AUTHZ_ENFORCEMENT,the-map/artifact-examples/cross-mutation-graph.html,Cross-mutation transition observed: saml->xxe,Replay edge pattern 'escalation' from source 'saml' to destination 'xxe',MEDIUM,DRAFT
RC5.STATE_TRANSITION.CONTEXT_SWITCH.ATO.001,csrf -> oauth via escalation,RC5,STATE_TRANSITION,CONTEXT_SWITCH,TRANSFORM|INJECT|OBSERVE|VALIDATE,Operator effect observed through escalation differential from csrf to oauth,VALIDATION_GAP,MISSING_STRICT_AUTH_VALIDATION,PIVOT,ATO,,DATA_LAYER_AUTHZ_ENFORCEMENT,the-map/artifact-examples/cross-mutation-graph.html,Cross-mutation transition observed: csrf->oauth,Replay edge pattern 'escalation' from source 'csrf' to destination 'oauth',MEDIUM,DRAFT
RC5.STATE_TRANSITION.CONTEXT_SWITCH.ATO.002,csrf -> account_takeover via escalation,RC5,STATE_TRANSITION,CONTEXT_SWITCH,TRANSFORM|INJECT|OBSERVE|VALIDATE,Operator effect observed through escalation differential from csrf to account_takeover,VALIDATION_GAP,MISSING_STRICT_AUTH_VALIDATION,SINK,ATO,,DATA_LAYER_AUTHZ_ENFORCEMENT,the-map/artifact-examples/cross-mutation-graph.html,Cross-mutation transition observed: csrf->account_takeover,Replay edge pattern 'escalation' from source 'csrf' to destination 'account_takeover',MEDIUM,DRAFT
RC4.HEADER.CONTEXT_SWITCH.PRIVILEGE_ESCALATION.001,cors -> csrf via escalation,RC4,HEADER,CONTEXT_SWITCH,TRANSFORM|INJECT|OBSERVE|VALIDATE,Operator effect observed through escalation differential from cors to csrf,VALIDATION_GAP,MISSING_STRICT_AUTH_VALIDATION,PIVOT,PRIVILEGE_ESCALATION,,DATA_LAYER_AUTHZ_ENFORCEMENT,the-map/artifact-examples/cross-mutation-graph.html,Cross-mutation transition observed: cors->csrf,Replay edge pattern 'escalation' from source 'cors' to destination 'csrf',MEDIUM,DRAFT
RC4.HEADER.CONTEXT_SWITCH.ATO.001,cors -> account_takeover via escalation,RC4,HEADER,CONTEXT_SWITCH,TRANSFORM|INJECT|OBSERVE|VALIDATE,Operator effect observed through escalation differential from cors to account_takeover,VALIDATION_GAP,MISSING_STRICT_AUTH_VALIDATION,SINK,ATO,,DATA_LAYER_AUTHZ_ENFORCEMENT,the-map/artifact-examples/cross-mutation-graph.html,Cross-mutation transition observed: cors->account_takeover,Replay edge pattern 'escalation' from source 'cors' to destination 'account_takeover',MEDIUM,DRAFT
RC4.PARAMETER.CONTEXT_SWITCH.ATO.001,mass_assignment -> account_takeover via escalation,RC4,PARAMETER,CONTEXT_SWITCH,TRANSFORM|INJECT|OBSERVE|VALIDATE,Operator effect observed through escalation differential from mass_assignment to account_takeover,VALIDATION_GAP,MISSING_STRICT_AUTH_VALIDATION,SINK,ATO,,DATA_LAYER_AUTHZ_ENFORCEMENT,the-map/artifact-examples/cross-mutation-graph.html,Cross-mutation transition observed: mass_assignment->account_takeover,Replay edge pattern 'escalation' from source 'mass_assignment' to destination 'account_takeover',MEDIUM,DRAFT
RC4.PARAMETER.CONTEXT_SWITCH.RCE.001,mass_assignment -> proto_pollution via escalation,RC4,PARAMETER,CONTEXT_SWITCH,TRANSFORM|INJECT|OBSERVE|VALIDATE,Operator effect observed through escalation differential from mass_assignment to proto_pollution,VALIDATION_GAP,MISSING_STRICT_AUTH_VALIDATION,PIVOT,RCE,,DATA_LAYER_AUTHZ_ENFORCEMENT,the-map/artifact-examples/cross-mutation-graph.html,Cross-mutation transition observed: mass_assignment->proto_pollution,Replay edge pattern 'escalation' from source 'mass_assignment' to destination 'proto_pollution',MEDIUM,DRAFT
RC9.COOKIE.ORDER_MANIPULATION.PRIVILEGE_ESCALATION.001,cookie -> csrf via trust,RC9,COOKIE,ORDER_MANIPULATION,REORDER|INJECT|OBSERVE|VALIDATE,Operator effect observed through trust differential from cookie to csrf,TRUST_BOUNDARY_BREAK,CROSS_COMPONENT_TRUST,PIVOT,PRIVILEGE_ESCALATION,,CONTROL_PLANE_HARDENING|REFERENCE_ALLOWLIST_AND_RESOLUTION_CHECK,the-map/artifact-examples/cross-mutation-graph.html,Cross-mutation transition observed: cookie->csrf,Replay edge pattern 'trust' from source 'cookie' to destination 'csrf',MEDIUM,DRAFT
RC9.COOKIE.CONTEXT_SWITCH.DATA_EXFILTRATION.001,cookie -> xss via escalation,RC9,COOKIE,CONTEXT_SWITCH,TRANSFORM|INJECT|OBSERVE|VALIDATE,Operator effect observed through escalation differential from cookie to xss,VALIDATION_GAP,MISSING_STRICT_AUTH_VALIDATION,PIVOT,DATA_EXFILTRATION,,DATA_LAYER_AUTHZ_ENFORCEMENT,the-map/artifact-examples/cross-mutation-graph.html,Cross-mutation transition observed: cookie->xss,Replay edge pattern 'escalation' from source 'cookie' to destination 'xss',MEDIUM,DRAFT
RC9.COOKIE.CONTEXT_SWITCH.ATO.001,cookie -> account_takeover via escalation,RC9,COOKIE,CONTEXT_SWITCH,TRANSFORM|INJECT|OBSERVE|VALIDATE,Operator effect observed through escalation differential from cookie to account_takeover,VALIDATION_GAP,MISSING_STRICT_AUTH_VALIDATION,SINK,ATO,,DATA_LAYER_AUTHZ_ENFORCEMENT,the-map/artifact-examples/cross-mutation-graph.html,Cross-mutation transition observed: cookie->account_takeover,Replay edge pattern 'escalation' from source 'cookie' to destination 'account_takeover',MEDIUM,DRAFT
RC2.HEADER.CANONICALIZATION_BYPASS.RCE.001,smuggling -> file_upload via parser,RC2,HEADER,CANONICALIZATION_BYPASS,TRANSFORM|INJECT|OBSERVE|VALIDATE,Operator effect observed through parser differential from smuggling to file_upload,PARSER_DIFFERENTIAL,MULTI_PARSER_PIPELINE|AMBIGUOUS_INPUT_ACCEPTED,ENTRY,RCE,,SINGLE_AUTHORITATIVE_PARSER|REJECT_AMBIGUOUS_INPUT,the-map/artifact-examples/cross-mutation-graph.html,Cross-mutation transition observed: smuggling->file_upload,Replay edge pattern 'parser' from source 'smuggling' to destination 'file_upload',MEDIUM,DRAFT
RC2.HEADER.HEADER_POLLUTION.DATA_EXFILTRATION.001,smuggling -> cache_poisoning via cache,RC2,HEADER,HEADER_POLLUTION,GENERATE|INJECT|REORDER|OBSERVE,Operator effect observed through cache differential from smuggling to cache_poisoning,CANONICALIZATION_GAP,MULTI_PARSER_PIPELINE,ENTRY,DATA_EXFILTRATION,,STRICT_CANONICALIZATION_AT_ENTRY|REJECT_AMBIGUOUS_INPUT,the-map/artifact-examples/cross-mutation-graph.html,Cross-mutation transition observed: smuggling->cache_poisoning,Replay edge pattern 'cache' from source 'smuggling' to destination 'cache_poisoning',MEDIUM,DRAFT
RC2.HEADER.ORDER_MANIPULATION.SSRF_INTERNAL_ACCESS.001,smuggling -> ssrf via trust,RC2,HEADER,ORDER_MANIPULATION,REORDER|INJECT|OBSERVE|VALIDATE,Operator effect observed through trust differential from smuggling to ssrf,TRUST_BOUNDARY_BREAK,CROSS_COMPONENT_TRUST,SINK,SSRF_INTERNAL_ACCESS,,CONTROL_PLANE_HARDENING|REFERENCE_ALLOWLIST_AND_RESOLUTION_CHECK,the-map/artifact-examples/cross-mutation-graph.html,Cross-mutation transition observed: smuggling->ssrf,Replay edge pattern 'trust' from source 'smuggling' to destination 'ssrf',MEDIUM,DRAFT
RC2.HEADER.RACE_PARALLELIZATION.RCE.001,smuggling -> deserialization via temporal,RC2,HEADER,RACE_PARALLELIZATION,PARALLELIZE|INJECT|OBSERVE|VALIDATE,Operator effect observed through temporal differential from smuggling to deserialization,STATE_DESYNC,MISSING_ATOMICITY,SINK,RCE,,IDEMPOTENCY_KEYS_AND_ATOMIC_LOCKING,the-map/artifact-examples/cross-mutation-graph.html,Cross-mutation transition observed: smuggling->deserialization,Replay edge pattern 'temporal' from source 'smuggling' to destination 'deserialization',MEDIUM,DRAFT
RC2.HEADER.CONTEXT_SWITCH.DATA_EXFILTRATION.001,smuggling -> xss via escalation,RC2,HEADER,CONTEXT_SWITCH,TRANSFORM|INJECT|OBSERVE|VALIDATE,Operator effect observed through escalation differential from smuggling to xss,VALIDATION_GAP,MISSING_STRICT_AUTH_VALIDATION,ENTRY,DATA_EXFILTRATION,,DATA_LAYER_AUTHZ_ENFORCEMENT,the-map/artifact-examples/cross-mutation-graph.html,Cross-mutation transition observed: smuggling->xss,Replay edge pattern 'escalation' from source 'smuggling' to destination 'xss',MEDIUM,DRAFT
RC2.HEADER.CONTEXT_SWITCH.ATO.001,smuggling -> account_takeover via escalation,RC2,HEADER,CONTEXT_SWITCH,TRANSFORM|INJECT|OBSERVE|VALIDATE,Operator effect observed through escalation differential from smuggling to account_takeover,VALIDATION_GAP,MISSING_STRICT_AUTH_VALIDATION,SINK,ATO,,DATA_LAYER_AUTHZ_ENFORCEMENT,the-map/artifact-examples/cross-mutation-graph.html,Cross-mutation transition observed: smuggling->account_takeover,Replay edge pattern 'escalation' from source 'smuggling' to destination 'account_takeover',MEDIUM,DRAFT
RC2.PATH.CANONICALIZATION_BYPASS.SSRF_INTERNAL_ACCESS.001,reverse_proxy -> ssrf via parser,RC2,PATH,CANONICALIZATION_BYPASS,TRANSFORM|INJECT|OBSERVE|VALIDATE,Operator effect observed through parser differential from reverse_proxy to ssrf,PARSER_DIFFERENTIAL,MULTI_PARSER_PIPELINE|AMBIGUOUS_INPUT_ACCEPTED,SINK,SSRF_INTERNAL_ACCESS,,SINGLE_AUTHORITATIVE_PARSER|REJECT_AMBIGUOUS_INPUT,the-map/artifact-examples/cross-mutation-graph.html,Cross-mutation transition observed: reverse_proxy->ssrf,Replay edge pattern 'parser' from source 'reverse_proxy' to destination 'ssrf',MEDIUM,DRAFT
RC2.PATH.CANONICALIZATION_BYPASS.RCE.001,reverse_proxy -> file_upload via parser,RC2,PATH,CANONICALIZATION_BYPASS,TRANSFORM|INJECT|OBSERVE|VALIDATE,Operator effect observed through parser differential from reverse_proxy to file_upload,PARSER_DIFFERENTIAL,MULTI_PARSER_PIPELINE|AMBIGUOUS_INPUT_ACCEPTED,ENTRY,RCE,,SINGLE_AUTHORITATIVE_PARSER|REJECT_AMBIGUOUS_INPUT,the-map/artifact-examples/cross-mutation-graph.html,Cross-mutation transition observed: reverse_proxy->file_upload,Replay edge pattern 'parser' from source 'reverse_proxy' to destination 'file_upload',MEDIUM,DRAFT
RC2.PATH.CANONICALIZATION_BYPASS.DATA_EXFILTRATION.001,reverse_proxy -> path_traversal via parser,RC2,PATH,CANONICALIZATION_BYPASS,TRANSFORM|INJECT|OBSERVE|VALIDATE,Operator effect observed through parser differential from reverse_proxy to path_traversal,PARSER_DIFFERENTIAL,MULTI_PARSER_PIPELINE|AMBIGUOUS_INPUT_ACCEPTED,ENTRY,DATA_EXFILTRATION,,SINGLE_AUTHORITATIVE_PARSER|REJECT_AMBIGUOUS_INPUT,the-map/artifact-examples/cross-mutation-graph.html,Cross-mutation transition observed: reverse_proxy->path_traversal,Replay edge pattern 'parser' from source 'reverse_proxy' to destination 'path_traversal',MEDIUM,DRAFT
RC2.PATH.CONTEXT_SWITCH.ATO.001,reverse_proxy -> account_takeover via escalation,RC2,PATH,CONTEXT_SWITCH,TRANSFORM|INJECT|OBSERVE|VALIDATE,Operator effect observed through escalation differential from reverse_proxy to account_takeover,VALIDATION_GAP,MISSING_STRICT_AUTH_VALIDATION,SINK,ATO,,DATA_LAYER_AUTHZ_ENFORCEMENT,the-map/artifact-examples/cross-mutation-graph.html,Cross-mutation transition observed: reverse_proxy->account_takeover,Replay edge pattern 'escalation' from source 'reverse_proxy' to destination 'account_takeover',MEDIUM,DRAFT
RC2.HEADER.CONTEXT_SWITCH.SSRF_INTERNAL_ACCESS.001,http_header -> ssrf via escalation,RC2,HEADER,CONTEXT_SWITCH,TRANSFORM|INJECT|OBSERVE|VALIDATE,Operator effect observed through escalation differential from http_header to ssrf,VALIDATION_GAP,MISSING_STRICT_AUTH_VALIDATION,SINK,SSRF_INTERNAL_ACCESS,,DATA_LAYER_AUTHZ_ENFORCEMENT,the-map/artifact-examples/cross-mutation-graph.html,Cross-mutation transition observed: http_header->ssrf,Replay edge pattern 'escalation' from source 'http_header' to destination 'ssrf',MEDIUM,DRAFT
RC2.PARAMETER.CANONICALIZATION_BYPASS.RECON_ENABLEMENT.001,hpp -> waf_bypass via parser,RC2,PARAMETER,CANONICALIZATION_BYPASS,TRANSFORM|INJECT|OBSERVE|VALIDATE,Operator effect observed through parser differential from hpp to waf_bypass,PARSER_DIFFERENTIAL,MULTI_PARSER_PIPELINE|AMBIGUOUS_INPUT_ACCEPTED,ENTRY,RECON_ENABLEMENT,,SINGLE_AUTHORITATIVE_PARSER|REJECT_AMBIGUOUS_INPUT,the-map/artifact-examples/cross-mutation-graph.html,Cross-mutation transition observed: hpp->waf_bypass,Replay edge pattern 'parser' from source 'hpp' to destination 'waf_bypass',MEDIUM,DRAFT
RC8.HEADER.CONTEXT_SWITCH.PRIVILEGE_ESCALATION.001,websocket -> csrf via escalation,RC8,HEADER,CONTEXT_SWITCH,TRANSFORM|INJECT|OBSERVE|VALIDATE,Operator effect observed through escalation differential from websocket to csrf,VALIDATION_GAP,MISSING_STRICT_AUTH_VALIDATION,ENTRY,PRIVILEGE_ESCALATION,,DATA_LAYER_AUTHZ_ENFORCEMENT,the-map/artifact-examples/cross-mutation-graph.html,Cross-mutation transition observed: websocket->csrf,Replay edge pattern 'escalation' from source 'websocket' to destination 'csrf',MEDIUM,DRAFT
RC8.HEADER.CONTEXT_SWITCH.DATA_EXFILTRATION.001,websocket -> xss via escalation,RC8,HEADER,CONTEXT_SWITCH,TRANSFORM|INJECT|OBSERVE|VALIDATE,Operator effect observed through escalation differential from websocket to xss,VALIDATION_GAP,MISSING_STRICT_AUTH_VALIDATION,ENTRY,DATA_EXFILTRATION,,DATA_LAYER_AUTHZ_ENFORCEMENT,the-map/artifact-examples/cross-mutation-graph.html,Cross-mutation transition observed: websocket->xss,Replay edge pattern 'escalation' from source 'websocket' to destination 'xss',MEDIUM,DRAFT
RC8.URL.RACE_PARALLELIZATION.SSRF_INTERNAL_ACCESS.001,dns -> ssrf via temporal,RC8,URL,RACE_PARALLELIZATION,PARALLELIZE|INJECT|OBSERVE|VALIDATE,Operator effect observed through temporal differential from dns to ssrf,STATE_DESYNC,MISSING_ATOMICITY,SINK,SSRF_INTERNAL_ACCESS,,IDEMPOTENCY_KEYS_AND_ATOMIC_LOCKING,the-map/artifact-examples/cross-mutation-graph.html,Cross-mutation transition observed: dns->ssrf,Replay edge pattern 'temporal' from source 'dns' to destination 'ssrf',MEDIUM,DRAFT
RC8.URL.RACE_PARALLELIZATION.DATA_EXFILTRATION.001,dns -> cors via temporal,RC8,URL,RACE_PARALLELIZATION,PARALLELIZE|INJECT|OBSERVE|VALIDATE,Operator effect observed through temporal differential from dns to cors,STATE_DESYNC,MISSING_ATOMICITY,ENTRY,DATA_EXFILTRATION,,IDEMPOTENCY_KEYS_AND_ATOMIC_LOCKING,the-map/artifact-examples/cross-mutation-graph.html,Cross-mutation transition observed: dns->cors,Replay edge pattern 'temporal' from source 'dns' to destination 'cors',MEDIUM,DRAFT
RC7.URL.CONTEXT_SWITCH.RCE.001,ssrf -> deserialization via escalation,RC7,URL,CONTEXT_SWITCH,TRANSFORM|INJECT|OBSERVE|VALIDATE,Operator effect observed through escalation differential from ssrf to deserialization,VALIDATION_GAP,MISSING_STRICT_AUTH_VALIDATION,SINK,RCE,,DATA_LAYER_AUTHZ_ENFORCEMENT,the-map/artifact-examples/cross-mutation-graph.html,Cross-mutation transition observed: ssrf->deserialization,Replay edge pattern 'escalation' from source 'ssrf' to destination 'deserialization',MEDIUM,DRAFT
RC7.URL.CONTEXT_SWITCH.DATA_EXFILTRATION.001,ssrf -> path_traversal via escalation,RC7,URL,CONTEXT_SWITCH,TRANSFORM|INJECT|OBSERVE|VALIDATE,Operator effect observed through escalation differential from ssrf to path_traversal,VALIDATION_GAP,MISSING_STRICT_AUTH_VALIDATION,PIVOT,DATA_EXFILTRATION,,DATA_LAYER_AUTHZ_ENFORCEMENT,the-map/artifact-examples/cross-mutation-graph.html,Cross-mutation transition observed: ssrf->path_traversal,Replay edge pattern 'escalation' from source 'ssrf' to destination 'path_traversal',MEDIUM,DRAFT
RC7.URL.CONTEXT_SWITCH.ATO.001,ssrf -> account_takeover via escalation,RC7,URL,CONTEXT_SWITCH,TRANSFORM|INJECT|OBSERVE|VALIDATE,Operator effect observed through escalation differential from ssrf to account_takeover,VALIDATION_GAP,MISSING_STRICT_AUTH_VALIDATION,SINK,ATO,,DATA_LAYER_AUTHZ_ENFORCEMENT,the-map/artifact-examples/cross-mutation-graph.html,Cross-mutation transition observed: ssrf->account_takeover,Replay edge pattern 'escalation' from source 'ssrf' to destination 'account_takeover',MEDIUM,DRAFT
RC7.PAYLOAD_BODY.ORDER_MANIPULATION.RCE.001,file_upload -> deserialization via trust,RC7,PAYLOAD_BODY,ORDER_MANIPULATION,REORDER|INJECT|OBSERVE|VALIDATE,Operator effect observed through trust differential from file_upload to deserialization,TRUST_BOUNDARY_BREAK,CROSS_COMPONENT_TRUST,SINK,RCE,,CONTROL_PLANE_HARDENING|REFERENCE_ALLOWLIST_AND_RESOLUTION_CHECK,the-map/artifact-examples/cross-mutation-graph.html,Cross-mutation transition observed: file_upload->deserialization,Replay edge pattern 'trust' from source 'file_upload' to destination 'deserialization',MEDIUM,DRAFT
RC7.PAYLOAD_BODY.CONTEXT_SWITCH.DATA_EXFILTRATION.001,file_upload -> xss via escalation,RC7,PAYLOAD_BODY,CONTEXT_SWITCH,TRANSFORM|INJECT|OBSERVE|VALIDATE,Operator effect observed through escalation differential from file_upload to xss,VALIDATION_GAP,MISSING_STRICT_AUTH_VALIDATION,PIVOT,DATA_EXFILTRATION,,DATA_LAYER_AUTHZ_ENFORCEMENT,the-map/artifact-examples/cross-mutation-graph.html,Cross-mutation transition observed: file_upload->xss,Replay edge pattern 'escalation' from source 'file_upload' to destination 'xss',MEDIUM,DRAFT
RC7.PAYLOAD_BODY.CONTEXT_SWITCH.SSRF_INTERNAL_ACCESS.001,file_upload -> ssrf via escalation,RC7,PAYLOAD_BODY,CONTEXT_SWITCH,TRANSFORM|INJECT|OBSERVE|VALIDATE,Operator effect observed through escalation differential from file_upload to ssrf,VALIDATION_GAP,MISSING_STRICT_AUTH_VALIDATION,SINK,SSRF_INTERNAL_ACCESS,,DATA_LAYER_AUTHZ_ENFORCEMENT,the-map/artifact-examples/cross-mutation-graph.html,Cross-mutation transition observed: file_upload->ssrf,Replay edge pattern 'escalation' from source 'file_upload' to destination 'ssrf',MEDIUM,DRAFT
RC7.PAYLOAD_BODY.CONTEXT_SWITCH.RCE.001,file_upload -> cmd_injection via escalation,RC7,PAYLOAD_BODY,CONTEXT_SWITCH,TRANSFORM|INJECT|OBSERVE|VALIDATE,Operator effect observed through escalation differential from file_upload to cmd_injection,VALIDATION_GAP,MISSING_STRICT_AUTH_VALIDATION,SINK,RCE,,DATA_LAYER_AUTHZ_ENFORCEMENT,the-map/artifact-examples/cross-mutation-graph.html,Cross-mutation transition observed: file_upload->cmd_injection,Replay edge pattern 'escalation' from source 'file_upload' to destination 'cmd_injection',MEDIUM,DRAFT
RC6.SERIALIZED_OBJECT.CONTEXT_SWITCH.RCE.001,deserialization -> cmd_injection via escalation,RC6,SERIALIZED_OBJECT,CONTEXT_SWITCH,TRANSFORM|INJECT|OBSERVE|VALIDATE,Operator effect observed through escalation differential from deserialization to cmd_injection,VALIDATION_GAP,MISSING_STRICT_AUTH_VALIDATION,SINK,RCE,,DATA_LAYER_AUTHZ_ENFORCEMENT,the-map/artifact-examples/cross-mutation-graph.html,Cross-mutation transition observed: deserialization->cmd_injection,Replay edge pattern 'escalation' from source 'deserialization' to destination 'cmd_injection',MEDIUM,DRAFT
RC6.SERIALIZED_OBJECT.CONTEXT_SWITCH.SSRF_INTERNAL_ACCESS.001,deserialization -> ssrf via escalation,RC6,SERIALIZED_OBJECT,CONTEXT_SWITCH,TRANSFORM|INJECT|OBSERVE|VALIDATE,Operator effect observed through escalation differential from deserialization to ssrf,VALIDATION_GAP,MISSING_STRICT_AUTH_VALIDATION,SINK,SSRF_INTERNAL_ACCESS,,DATA_LAYER_AUTHZ_ENFORCEMENT,the-map/artifact-examples/cross-mutation-graph.html,Cross-mutation transition observed: deserialization->ssrf,Replay edge pattern 'escalation' from source 'deserialization' to destination 'ssrf',MEDIUM,DRAFT
RC6.SERIALIZED_OBJECT.CONTEXT_SWITCH.DATA_EXFILTRATION.001,deserialization -> xxe via escalation,RC6,SERIALIZED_OBJECT,CONTEXT_SWITCH,TRANSFORM|INJECT|OBSERVE|VALIDATE,Operator effect observed through escalation differential from deserialization to xxe,VALIDATION_GAP,MISSING_STRICT_AUTH_VALIDATION,PIVOT,DATA_EXFILTRATION,,DATA_LAYER_AUTHZ_ENFORCEMENT,the-map/artifact-examples/cross-mutation-graph.html,Cross-mutation transition observed: deserialization->xxe,Replay edge pattern 'escalation' from source 'deserialization' to destination 'xxe',MEDIUM,DRAFT
RC7.PATH.ENCODING_SHIFT.ATO.001,path_traversal -> open_redirect via encoding,RC7,PATH,ENCODING_SHIFT,GENERATE|TRANSFORM|INJECT|OBSERVE,Operator effect observed through encoding differential from path_traversal to open_redirect,CANONICALIZATION_GAP,WEAK_OR_MISSING_NORMALIZATION,PIVOT,ATO,,STRICT_CANONICALIZATION_AT_ENTRY,the-map/artifact-examples/cross-mutation-graph.html,Cross-mutation transition observed: path_traversal->open_redirect,Replay edge pattern 'encoding' from source 'path_traversal' to destination 'open_redirect',MEDIUM,DRAFT
RC7.PATH.CONTEXT_SWITCH.ATO.001,path_traversal -> account_takeover via escalation,RC7,PATH,CONTEXT_SWITCH,TRANSFORM|INJECT|OBSERVE|VALIDATE,Operator effect observed through escalation differential from path_traversal to account_takeover,VALIDATION_GAP,MISSING_STRICT_AUTH_VALIDATION,SINK,ATO,,DATA_LAYER_AUTHZ_ENFORCEMENT,the-map/artifact-examples/cross-mutation-graph.html,Cross-mutation transition observed: path_traversal->account_takeover,Replay edge pattern 'escalation' from source 'path_traversal' to destination 'account_takeover',MEDIUM,DRAFT
RC7.URL.ORDER_MANIPULATION.SSRF_INTERNAL_ACCESS.001,open_redirect -> ssrf via trust,RC7,URL,ORDER_MANIPULATION,REORDER|INJECT|OBSERVE|VALIDATE,Operator effect observed through trust differential from open_redirect to ssrf,TRUST_BOUNDARY_BREAK,CROSS_COMPONENT_TRUST,SINK,SSRF_INTERNAL_ACCESS,,CONTROL_PLANE_HARDENING|REFERENCE_ALLOWLIST_AND_RESOLUTION_CHECK,the-map/artifact-examples/cross-mutation-graph.html,Cross-mutation transition observed: open_redirect->ssrf,Replay edge pattern 'trust' from source 'open_redirect' to destination 'ssrf',MEDIUM,DRAFT
RC7.URL.CONTEXT_SWITCH.ATO.002,open_redirect -> oauth via escalation,RC7,URL,CONTEXT_SWITCH,TRANSFORM|INJECT|OBSERVE|VALIDATE,Operator effect observed through escalation differential from open_redirect to oauth,VALIDATION_GAP,MISSING_STRICT_AUTH_VALIDATION,PIVOT,ATO,,DATA_LAYER_AUTHZ_ENFORCEMENT,the-map/artifact-examples/cross-mutation-graph.html,Cross-mutation transition observed: open_redirect->oauth,Replay edge pattern 'escalation' from source 'open_redirect' to destination 'oauth',MEDIUM,DRAFT
RC9.PARSER_CONTEXT.CONTEXT_SWITCH.DATA_EXFILTRATION.001,dom_clobbering -> xss via escalation,RC9,PARSER_CONTEXT,CONTEXT_SWITCH,TRANSFORM|INJECT|OBSERVE|VALIDATE,Operator effect observed through escalation differential from dom_clobbering to xss,VALIDATION_GAP,MISSING_STRICT_AUTH_VALIDATION,ENTRY,DATA_EXFILTRATION,,DATA_LAYER_AUTHZ_ENFORCEMENT,the-map/artifact-examples/cross-mutation-graph.html,Cross-mutation transition observed: dom_clobbering->xss,Replay edge pattern 'escalation' from source 'dom_clobbering' to destination 'xss',MEDIUM,DRAFT
RC9.PARSER_CONTEXT.CONTEXT_SWITCH.PRIVILEGE_ESCALATION.001,ui_redressing -> csrf via escalation,RC9,PARSER_CONTEXT,CONTEXT_SWITCH,TRANSFORM|INJECT|OBSERVE|VALIDATE,Operator effect observed through escalation differential from ui_redressing to csrf,VALIDATION_GAP,MISSING_STRICT_AUTH_VALIDATION,ENTRY,PRIVILEGE_ESCALATION,,DATA_LAYER_AUTHZ_ENFORCEMENT,the-map/artifact-examples/cross-mutation-graph.html,Cross-mutation transition observed: ui_redressing->csrf,Replay edge pattern 'escalation' from source 'ui_redressing' to destination 'csrf',MEDIUM,DRAFT
RC9.PARSER_CONTEXT.CONTEXT_SWITCH.ATO.001,ui_redressing -> oauth via escalation,RC9,PARSER_CONTEXT,CONTEXT_SWITCH,TRANSFORM|INJECT|OBSERVE|VALIDATE,Operator effect observed through escalation differential from ui_redressing to oauth,VALIDATION_GAP,MISSING_STRICT_AUTH_VALIDATION,ENTRY,ATO,,DATA_LAYER_AUTHZ_ENFORCEMENT,the-map/artifact-examples/cross-mutation-graph.html,Cross-mutation transition observed: ui_redressing->oauth,Replay edge pattern 'escalation' from source 'ui_redressing' to destination 'oauth',MEDIUM,DRAFT
RC5.STATE_TRANSITION.RACE_PARALLELIZATION.DATA_EXFILTRATION.001,race_condition -> cache_poisoning via temporal,RC5,STATE_TRANSITION,RACE_PARALLELIZATION,PARALLELIZE|INJECT|OBSERVE|VALIDATE,Operator effect observed through temporal differential from race_condition to cache_poisoning,STATE_DESYNC,MISSING_ATOMICITY,ENTRY,DATA_EXFILTRATION,,IDEMPOTENCY_KEYS_AND_ATOMIC_LOCKING,the-map/artifact-examples/cross-mutation-graph.html,Cross-mutation transition observed: race_condition->cache_poisoning,Replay edge pattern 'temporal' from source 'race_condition' to destination 'cache_poisoning',MEDIUM,DRAFT
RC5.STATE_TRANSITION.RACE_PARALLELIZATION.ATO.001,race_condition -> oauth via temporal,RC5,STATE_TRANSITION,RACE_PARALLELIZATION,PARALLELIZE|INJECT|OBSERVE|VALIDATE,Operator effect observed through temporal differential from race_condition to oauth,STATE_DESYNC,MISSING_ATOMICITY,ENTRY,ATO,,IDEMPOTENCY_KEYS_AND_ATOMIC_LOCKING,the-map/artifact-examples/cross-mutation-graph.html,Cross-mutation transition observed: race_condition->oauth,Replay edge pattern 'temporal' from source 'race_condition' to destination 'oauth',MEDIUM,DRAFT
RC5.STATE_TRANSITION.RACE_PARALLELIZATION.RCE.001,race_condition -> file_upload via temporal,RC5,STATE_TRANSITION,RACE_PARALLELIZATION,PARALLELIZE|INJECT|OBSERVE|VALIDATE,Operator effect observed through temporal differential from race_condition to file_upload,STATE_DESYNC,MISSING_ATOMICITY,ENTRY,RCE,,IDEMPOTENCY_KEYS_AND_ATOMIC_LOCKING,the-map/artifact-examples/cross-mutation-graph.html,Cross-mutation transition observed: race_condition->file_upload,Replay edge pattern 'temporal' from source 'race_condition' to destination 'file_upload',MEDIUM,DRAFT
RC5.STATE_TRANSITION.RACE_PARALLELIZATION.PRIVILEGE_ESCALATION.001,race_condition -> mass_assignment via temporal,RC5,STATE_TRANSITION,RACE_PARALLELIZATION,PARALLELIZE|INJECT|OBSERVE|VALIDATE,Operator effect observed through temporal differential from race_condition to mass_assignment,STATE_DESYNC,MISSING_ATOMICITY,ENTRY,PRIVILEGE_ESCALATION,,IDEMPOTENCY_KEYS_AND_ATOMIC_LOCKING,the-map/artifact-examples/cross-mutation-graph.html,Cross-mutation transition observed: race_condition->mass_assignment,Replay edge pattern 'temporal' from source 'race_condition' to destination 'mass_assignment',MEDIUM,DRAFT
RC5.STATE_TRANSITION.RACE_PARALLELIZATION.ATO.002,race_condition -> account_takeover via temporal,RC5,STATE_TRANSITION,RACE_PARALLELIZATION,PARALLELIZE|INJECT|OBSERVE|VALIDATE,Operator effect observed through temporal differential from race_condition to account_takeover,STATE_DESYNC,MISSING_ATOMICITY,SINK,ATO,,IDEMPOTENCY_KEYS_AND_ATOMIC_LOCKING,the-map/artifact-examples/cross-mutation-graph.html,Cross-mutation transition observed: race_condition->account_takeover,Replay edge pattern 'temporal' from source 'race_condition' to destination 'account_takeover',MEDIUM,DRAFT
RC8.TRUST_CHANNEL.CANONICALIZATION_BYPASS.RECON_ENABLEMENT.001,secondary_ctx -> waf_bypass via parser,RC8,TRUST_CHANNEL,CANONICALIZATION_BYPASS,TRANSFORM|INJECT|OBSERVE|VALIDATE,Operator effect observed through parser differential from secondary_ctx to waf_bypass,PARSER_DIFFERENTIAL,MULTI_PARSER_PIPELINE|AMBIGUOUS_INPUT_ACCEPTED,ENTRY,RECON_ENABLEMENT,,SINGLE_AUTHORITATIVE_PARSER|REJECT_AMBIGUOUS_INPUT,the-map/artifact-examples/cross-mutation-graph.html,Cross-mutation transition observed: secondary_ctx->waf_bypass,Replay edge pattern 'parser' from source 'secondary_ctx' to destination 'waf_bypass',MEDIUM,DRAFT
RC8.TRUST_CHANNEL.ORDER_MANIPULATION.ATO.001,secondary_ctx -> oauth via trust,RC8,TRUST_CHANNEL,ORDER_MANIPULATION,REORDER|INJECT|OBSERVE|VALIDATE,Operator effect observed through trust differential from secondary_ctx to oauth,TRUST_BOUNDARY_BREAK,CROSS_COMPONENT_TRUST,ENTRY,ATO,,CONTROL_PLANE_HARDENING|REFERENCE_ALLOWLIST_AND_RESOLUTION_CHECK,the-map/artifact-examples/cross-mutation-graph.html,Cross-mutation transition observed: secondary_ctx->oauth,Replay edge pattern 'trust' from source 'secondary_ctx' to destination 'oauth',MEDIUM,DRAFT
RC8.TRUST_CHANNEL.CANONICALIZATION_BYPASS.RCE.001,secondary_ctx -> cmd_injection via parser,RC8,TRUST_CHANNEL,CANONICALIZATION_BYPASS,TRANSFORM|INJECT|OBSERVE|VALIDATE,Operator effect observed through parser differential from secondary_ctx to cmd_injection,PARSER_DIFFERENTIAL,MULTI_PARSER_PIPELINE|AMBIGUOUS_INPUT_ACCEPTED,SINK,RCE,,SINGLE_AUTHORITATIVE_PARSER|REJECT_AMBIGUOUS_INPUT,the-map/artifact-examples/cross-mutation-graph.html,Cross-mutation transition observed: secondary_ctx->cmd_injection,Replay edge pattern 'parser' from source 'secondary_ctx' to destination 'cmd_injection',MEDIUM,DRAFT
RC8.TRUST_CHANNEL.ORDER_MANIPULATION.DATA_EXFILTRATION.001,implicit_trust -> cache_poisoning via trust,RC8,TRUST_CHANNEL,ORDER_MANIPULATION,REORDER|INJECT|OBSERVE|VALIDATE,Operator effect observed through trust differential from implicit_trust to cache_poisoning,TRUST_BOUNDARY_BREAK,CROSS_COMPONENT_TRUST,ENTRY,DATA_EXFILTRATION,,CONTROL_PLANE_HARDENING|REFERENCE_ALLOWLIST_AND_RESOLUTION_CHECK,the-map/artifact-examples/cross-mutation-graph.html,Cross-mutation transition observed: implicit_trust->cache_poisoning,Replay edge pattern 'trust' from source 'implicit_trust' to destination 'cache_poisoning',MEDIUM,DRAFT
RC8.TRUST_CHANNEL.ORDER_MANIPULATION.RCE.001,implicit_trust -> proto_pollution via trust,RC8,TRUST_CHANNEL,ORDER_MANIPULATION,REORDER|INJECT|OBSERVE|VALIDATE,Operator effect observed through trust differential from implicit_trust to proto_pollution,TRUST_BOUNDARY_BREAK,CROSS_COMPONENT_TRUST,ENTRY,RCE,,CONTROL_PLANE_HARDENING|REFERENCE_ALLOWLIST_AND_RESOLUTION_CHECK,the-map/artifact-examples/cross-mutation-graph.html,Cross-mutation transition observed: implicit_trust->proto_pollution,Replay edge pattern 'trust' from source 'implicit_trust' to destination 'proto_pollution',MEDIUM,DRAFT
RC8.TRUST_CHANNEL.ORDER_MANIPULATION.SSRF_INTERNAL_ACCESS.001,implicit_trust -> ssrf via trust,RC8,TRUST_CHANNEL,ORDER_MANIPULATION,REORDER|INJECT|OBSERVE|VALIDATE,Operator effect observed through trust differential from implicit_trust to ssrf,TRUST_BOUNDARY_BREAK,CROSS_COMPONENT_TRUST,SINK,SSRF_INTERNAL_ACCESS,,CONTROL_PLANE_HARDENING|REFERENCE_ALLOWLIST_AND_RESOLUTION_CHECK,the-map/artifact-examples/cross-mutation-graph.html,Cross-mutation transition observed: implicit_trust->ssrf,Replay edge pattern 'trust' from source 'implicit_trust' to destination 'ssrf',MEDIUM,DRAFT
RC8.TRUST_CHANNEL.ORDER_MANIPULATION.ATO.003,implicit_trust -> account_takeover via trust,RC8,TRUST_CHANNEL,ORDER_MANIPULATION,REORDER|INJECT|OBSERVE|VALIDATE,Operator effect observed through trust differential from implicit_trust to account_takeover,TRUST_BOUNDARY_BREAK,CROSS_COMPONENT_TRUST,SINK,ATO,,CONTROL_PLANE_HARDENING|REFERENCE_ALLOWLIST_AND_RESOLUTION_CHECK,the-map/artifact-examples/cross-mutation-graph.html,Cross-mutation transition observed: implicit_trust->account_takeover,Replay edge pattern 'trust' from source 'implicit_trust' to destination 'account_takeover',MEDIUM,DRAFT
RC5.STATE_TRANSITION.CONTEXT_SWITCH.DATA_EXFILTRATION.001,business_logic -> idor via escalation,RC5,STATE_TRANSITION,CONTEXT_SWITCH,TRANSFORM|INJECT|OBSERVE|VALIDATE,Operator effect observed through escalation differential from business_logic to idor,VALIDATION_GAP,MISSING_STRICT_AUTH_VALIDATION,ENTRY,DATA_EXFILTRATION,,DATA_LAYER_AUTHZ_ENFORCEMENT,the-map/artifact-examples/cross-mutation-graph.html,Cross-mutation transition observed: business_logic->idor,Replay edge pattern 'escalation' from source 'business_logic' to destination 'idor',MEDIUM,DRAFT
RC5.STATE_TRANSITION.CONTEXT_SWITCH.PRIVILEGE_ESCALATION.001,business_logic -> mass_assignment via escalation,RC5,STATE_TRANSITION,CONTEXT_SWITCH,TRANSFORM|INJECT|OBSERVE|VALIDATE,Operator effect observed through escalation differential from business_logic to mass_assignment,VALIDATION_GAP,MISSING_STRICT_AUTH_VALIDATION,ENTRY,PRIVILEGE_ESCALATION,,DATA_LAYER_AUTHZ_ENFORCEMENT,the-map/artifact-examples/cross-mutation-graph.html,Cross-mutation transition observed: business_logic->mass_assignment,Replay edge pattern 'escalation' from source 'business_logic' to destination 'mass_assignment',MEDIUM,DRAFT
RC2.CACHE_KEY.HEADER_POLLUTION.DATA_EXFILTRATION.001,cache_poisoning -> xss via cache,RC2,CACHE_KEY,HEADER_POLLUTION,GENERATE|INJECT|REORDER|OBSERVE,Operator effect observed through cache differential from cache_poisoning to xss,CANONICALIZATION_GAP,MULTI_PARSER_PIPELINE,PIVOT,DATA_EXFILTRATION,,STRICT_CANONICALIZATION_AT_ENTRY|REJECT_AMBIGUOUS_INPUT,the-map/artifact-examples/cross-mutation-graph.html,Cross-mutation transition observed: cache_poisoning->xss,Replay edge pattern 'cache' from source 'cache_poisoning' to destination 'xss',MEDIUM,DRAFT
RC2.CACHE_KEY.HEADER_POLLUTION.ATO.001,cache_poisoning -> open_redirect via cache,RC2,CACHE_KEY,HEADER_POLLUTION,GENERATE|INJECT|REORDER|OBSERVE,Operator effect observed through cache differential from cache_poisoning to open_redirect,CANONICALIZATION_GAP,MULTI_PARSER_PIPELINE,PIVOT,ATO,,STRICT_CANONICALIZATION_AT_ENTRY|REJECT_AMBIGUOUS_INPUT,the-map/artifact-examples/cross-mutation-graph.html,Cross-mutation transition observed: cache_poisoning->open_redirect,Replay edge pattern 'cache' from source 'cache_poisoning' to destination 'open_redirect',MEDIUM,DRAFT
RC2.CACHE_KEY.HEADER_POLLUTION.ATO.002,cache_poisoning -> account_takeover via cache,RC2,CACHE_KEY,HEADER_POLLUTION,GENERATE|INJECT|REORDER|OBSERVE,Operator effect observed through cache differential from cache_poisoning to account_takeover,CANONICALIZATION_GAP,MULTI_PARSER_PIPELINE,SINK,ATO,,STRICT_CANONICALIZATION_AT_ENTRY|REJECT_AMBIGUOUS_INPUT,the-map/artifact-examples/cross-mutation-graph.html,Cross-mutation transition observed: cache_poisoning->account_takeover,Replay edge pattern 'cache' from source 'cache_poisoning' to destination 'account_takeover',MEDIUM,DRAFT
RC9.PAYLOAD_BODY.DELIMITER_ABUSE.DATA_EXFILTRATION.001,waf_bypass -> sqli via enable,RC9,PAYLOAD_BODY,DELIMITER_ABUSE,GENERATE|INJECT|OBSERVE|VALIDATE,Operator effect observed through enable differential from waf_bypass to sqli,CONTROL_EVASION,UNSAFE_DEFAULT_ENABLED,AMPLIFIER,DATA_EXFILTRATION,,REJECT_AMBIGUOUS_INPUT|CONTROL_PLANE_HARDENING,the-map/artifact-examples/cross-mutation-graph.html,Cross-mutation transition observed: waf_bypass->sqli,Replay edge pattern 'enable' from source 'waf_bypass' to destination 'sqli',MEDIUM,DRAFT
RC9.PAYLOAD_BODY.DELIMITER_ABUSE.RCE.001,waf_bypass -> cmd_injection via enable,RC9,PAYLOAD_BODY,DELIMITER_ABUSE,GENERATE|INJECT|OBSERVE|VALIDATE,Operator effect observed through enable differential from waf_bypass to cmd_injection,CONTROL_EVASION,UNSAFE_DEFAULT_ENABLED,AMPLIFIER,RCE,,REJECT_AMBIGUOUS_INPUT|CONTROL_PLANE_HARDENING,the-map/artifact-examples/cross-mutation-graph.html,Cross-mutation transition observed: waf_bypass->cmd_injection,Replay edge pattern 'enable' from source 'waf_bypass' to destination 'cmd_injection',MEDIUM,DRAFT
RC2.URL.CANONICALIZATION_BYPASS.SSRF_INTERNAL_ACCESS.001,URL authority confusion via backslash,RC2,URL,CANONICALIZATION_BYPASS,TRANSFORM|INJECT|OBSERVE|VALIDATE,Check-time canonical host differs from use-time destination host,PARSER_DIFFERENTIAL,MULTI_PARSER_PIPELINE|AMBIGUOUS_INPUT_ACCEPTED,ENTRY,SSRF_INTERNAL_ACCESS,,SINGLE_AUTHORITATIVE_PARSER|REJECT_AMBIGUOUS_INPUT,the-map/06-encoding-parser/url-confusion.md|the-map/04-server-side/ssrf.md,Validation parser host differs from fetch parser host,Validate host with parser A and fetch with parser B then compare outbound destination,HIGH,VERIFIED
RC1.NAMESPACE.CONTEXT_SWITCH.ATO.001,mXSS via namespace switching,RC1,NAMESPACE,CONTEXT_SWITCH,TRANSFORM|INJECT|OBSERVE|VALIDATE,Sanitized markup is inert pre-render but reaches executable sink after browser reparse,PARSER_DIFFERENTIAL,MULTI_PARSER_PIPELINE|WEAK_OR_MISSING_NORMALIZATION,PIVOT,ATO,DATA_EXFILTRATION,SINGLE_AUTHORITATIVE_PARSER|CONTEXT_AWARE_OUTPUT_ENCODING,the-map/05-client-side/mutation-xss.md,Sanitized DOM differs after browser reparse,Sanitize payload then insert via innerHTML and diff resulting DOM tree,MEDIUM,VERIFIED
RC5.STATE_TRANSITION.RACE_PARALLELIZATION.FINANCIAL_FRAUD.001,Parallel double-spend race,RC5,STATE_TRANSITION,RACE_PARALLELIZATION,PARALLELIZE|INJECT|OBSERVE|VALIDATE,Two or more successful commits occur for one logical transaction id,STATE_DESYNC,MISSING_ATOMICITY,SINK,FINANCIAL_FRAUD,DOS,IDEMPOTENCY_KEYS_AND_ATOMIC_LOCKING,the-map/07-application-logic/web-race-condition.md,Multiple successful writes for one logical transaction,Send concurrent requests on same transaction id and inspect duplicate state transitions,HIGH,VERIFIED
